<?xml version="1.0" encoding="UTF-8"?>
<Configuration packages="com.elasticsearch">
	<Appenders>
		<Console name="console" target="SYSTEM_OUT">
			<PatternLayout>
				<Pattern>%d{MMM dd yyyy HH:mm:ss} %5p {%t} %c{1} - %m%n</Pattern>
			</PatternLayout>
		</Console>

		<RollingRandomAccessFile name="rollingRandomAccessFile"
			fileName="${sys:catalina.home}/logs/server.log" immediateFlush="true"
			append="true"
			filePattern="$${sys:catalina.home}/$${date:yyyy-MM-dd}/server-%d{yyyy-MM-dd-HH-mm}-%i.log.zip">
			
			<PatternLayout>
                <Pattern>%d{MMM dd yyyy HH:mm:ss} %5p {%t} %c{1} - %m%n</Pattern>
            </PatternLayout>

			<Policies>
				<OnStartupTriggeringPolicy />
				<SizeBasedTriggeringPolicy size="25 MB" />
			</Policies>
			<DefaultRolloverStrategy max="25" compressionLevel="1" />
		</RollingRandomAccessFile>
	</Appenders>

	<Loggers>
		<Logger name="com.elasticsearch" level="INFO"/>
		<Root level="ERROR">
			<AppenderRef ref="rollingRandomAccessFile" />
			<AppenderRef ref="console" />
		</Root>
	</Loggers>
</Configuration>